university_name,faculty_name,theme
東京科学大学,保健衛生学研究科,
東京科学大学,医歯学総合研究科,
東京科学大学,環境・社会理工学院,
東京科学大学,生命理工学院,
東京科学大学,物質理工学院,
東京科学大学,理学院,
東京科学大学,工学院,
東京科学大学,情報理工学院,
東京大学,新領域創成科学研究科,
東京大学,医学系研究科,
東京大学,教育学研究科,
東京大学,経済学研究科,
東京大学,工学系研究科,
東京大学,人文社会系研究科,
東京大学,数理科学研究科,
東京大学,総合文化研究科,
東京大学,農学生命科学研究科,
東京大学,法学政治学研究科,
東京大学,薬学系研究科,
東京大学,理学系研究科,
東京大学,情報学環・学際情報学府,
東京大学,情報理工学系研究科,
東京大学,公共政策学教育部,
東京大学,学際情報学教育部,
東京大学,学際情報学府,
京都大学,アジア・アフリカ地域研究研究科,
京都大学,エネルギー科学研究科,
京都大学,医学研究科,
京都大学,工学研究科,
京都大学,情報学研究科,
京都大学,人間・環境学研究科,
京都大学,生命科学研究科,
京都大学,農学研究科,
京都大学,文学研究科,
京都大学,法学研究科,
京都大学,薬学研究科,
京都大学,理学研究科,
京都大学,経営管理教育部,
京都大学,公共政策教育部,
京都大学,地球環境学舎,
京都大学,総合生存学館,
筑波大学,グローバル教育院,
筑波大学,理工情報生命学術院,
筑波大学,人文社会ビジネス科学学術院,
筑波大学,人間総合科学学術院,
東北大学,医工学研究科,
東北大学,環境科学研究科,
東北大学,国際文化研究科,
東北大学,歯学研究科,
東北大学,情報科学研究科,
大阪大学,基礎工学研究科,
大阪大学,国際公共政策研究科,
大阪大学,人間科学研究科,
大阪大学,人文学研究科,
大阪大学,生命機能研究科,
大阪大学,高等司法研究科,
大阪大学,大阪大学・金沢大学・浜松医科大学・千葉大学・福井大学連合小児発達学研究科,
北海道大学,保健科学院,
北海道大学,メディア・コミュニケーション研究院,
北海道大学,薬学研究院,
北海道大学,総合化学院,
北海道大学,公共政策大学院,
北海道大学,環境科学院,
北海道大学,地球環境科学研究院,
北海道大学,水産科学院,
北海道大学,生命科学院,
北海道大学,農学院,
北海道大学,教育学院,
北海道大学,国際広報メディア・観光学院,
北海道大学,獣医学院,
北海道大学,国際感染症学院,
北海道大学,医理工学院,
北海道大学,国際食資源学院,
北海道大学,医学院,
北海道大学,経済学院,
北海道大学,歯学院,
北海道大学,情報科学院,
北海道大学,文学院,
九州大学,統合新領域学府,
九州大学,工学府,
九州大学,人文科学府,
九州大学,人間環境学府,
九州大学,法学府,
九州大学,経済学府,
九州大学,理学府,
九州大学,数理学府,
九州大学,システム生命科学府,
九州大学,医学系学府,
九州大学,歯学府,
九州大学,薬学府,
九州大学,システム情報科学府,
九州大学,総合理工学府,
九州大学,生物資源環境科学府,
九州大学,芸術工学府,
九州大学,法務学府,
九州大学,地球社会統合科学府,
九州大学,マス・フォア・イノベーション連係学府,
九州大学,人文情報連係学府,
慶應義塾大学,システムデザイン・マネジメント研究科,
慶應義塾大学,メディアデザイン研究科,
慶應義塾大学,経営管理研究科,
慶應義塾大学,社会学研究科,
慶應義塾大学,商学研究科,
慶應義塾大学,政策・メディア研究科,
慶應義塾大学,理工学研究科,
慶應義塾大学,法務研究科,
慶應義塾大学,健康マネジメント研究科,
早稲田大学,スポーツ科学研究科,
早稲田大学,国際コミュニケーション研究科,
早稲田大学,社会科学研究科,
早稲田大学,政治学研究科,
早稲田大学,アジア太平洋研究科,
早稲田大学,日本語教育研究科,
早稲田大学,情報生産システム研究科,
早稲田大学,会計研究科,
早稲田大学,基幹理工学研究科,
早稲田大学,創造理工学研究科,
早稲田大学,先進理工学研究科,
早稲田大学,環境・エネルギー研究科,
名古屋大学,環境学研究科,
名古屋大学,国際開発研究科,
名古屋大学,生命農学研究科,
名古屋大学,多元数理科学研究科,
名古屋大学,教育発達科学研究科,
名古屋大学,創薬科学研究科,